dimensao,variavel,descricao,prompt,tipo,aplicavel_se
01_Identificacao,titulo,Título,Copie o título completo como aparece na primeira página.,textual,
01_Identificacao,ano,Ano de publicação,Ano de publicação do texto. Informação ausente no texto: 999.,numerica_int,
01_Identificacao,tipo_fonte,Tipo de fonte,Classifique em: artigo_empirico | revisao | tese_ou_dissertacao | relatorio_governamental | relatorio_organismo_internacional | documento_normativo | texto_de_opiniao | outro.,categorica,
01_Identificacao,pais_origem,País ou contexto geográfico,País(es) a que a evidência se refere (não a afiliação dos autores). Informação ausente no texto: 999.,textual,
01_Identificacao,objetivo,Objetivo declarado,"Objetivo ou pergunta do texto, em uma frase.",textual,
02_PCC,populacao,População (P),"População ou participantes a que o texto se refere, como descritos. {definição de P} Informação ausente no texto: 999.",textual,
02_PCC,conceito,Conceito (C),Como o texto trata o conceito da revisão: {definição do conceito e o que conta como tratá-lo}. Informação ausente no texto: 999.,textual,
02_PCC,categoria_conceito,Categoria do conceito,"Classifique em uma das categorias do mapa: {lista fechada de categorias, com definição}. Mais de uma: rótulos em ordem alfabética separados por ' + '.",categorica,
02_PCC,contexto,Contexto (C),"Contexto em que o conceito aparece: setor, nível de governo, período, ambiente institucional. {definição de contexto} Informação ausente no texto: 999.",textual,
03_Metodo,abordagem,Abordagem,Classifique em: quantitativa | qualitativa | mista | teorica | revisao | documental | opiniao.,categorica,
03_Metodo,metodo_descricao,Método e fonte de dados,"Método, desenho e fonte dos dados como os autores descrevem. Informação ausente no texto: 999.",textual,
03_Metodo,tamanho_amostra,Tamanho da amostra ou do corpus,"N de participantes, casos ou documentos analisados. Informação ausente no texto: 999.",textual,
04_Intervencao_resultados,intervencao_ou_programa,"Intervenção, programa ou política","Intervenção, programa ou política discutida (nome, componentes, duração), quando houver. Informação ausente no texto: 999.",textual,
04_Intervencao_resultados,dimensoes_ou_desfechos,Dimensões ou desfechos examinados,"Desfechos, dimensões ou variáveis que o texto examina, separados por ' ; '. Informação ausente no texto: 999.",textual,
04_Intervencao_resultados,achados_chave,Achados ligados à pergunta da revisão,"Achados do texto que respondem à pergunta da revisão de escopo, em até 3 frases. Não avalie qualidade nem diga se 'funciona'.",textual,
04_Intervencao_resultados,lacunas_recomendacoes,Lacunas e recomendações,Lacunas de pesquisa ou recomendações que os autores apontam. Informação ausente no texto: 999.,textual,
