formula_id,tipo_estatistica,entradas,formula_d,variancia,correcao_g,pressupostos,aproximado,fonte,avisos
md_sd,md_sd,m1; sd1; n1; m2; sd2; n2,d = (m1 - m2) / sp; sp = sqrt(((n1-1)*sd1^2 + (n2-1)*sd2^2) / (n1+n2-2)),Var(d) = (n1+n2)/(n1*n2) + d^2/(2*(n1+n2)),g = J*d; Var(g) = J^2*Var(d); J = 1 - 3/(4*gl - 1); gl = n1+n2-2,dois grupos independentes; grupo 1 = tratamento; DP (não EP); variâncias homogêneas,0,"Borenstein et al. 2009, eq. 4.18-4.24; Cochrane Handbook v6.5, 6.5.1",EP informado como DP infla g; conferir se sd é por grupo
t_ind,t,t; n1; n2,d = t*sqrt(1/n1 + 1/n2),Var(d) = (n1+n2)/(n1*n2) + d^2/(2*(n1+n2)),J com gl = n1+n2-2,t de comparação de dois grupos independentes sem covariáveis; sinal = tratamento - controle,0,"Borenstein et al. 2009, cap. 7; esc::esc_t",t de regressão com covariáveis não é equivalente
t_ind_n_total,t,t; n_total (ou df),d = 2*t/sqrt(N); n1 = n2 = N/2,Var(d) com n1 = n2 = N/2,J com gl = N-2,grupos de tamanho igual (não informado),1,"Borenstein et al. 2009, cap. 7",grupos desbalanceados distorcem d
f1_ind,f1,"f; n1; n2; sinal de m1-m2, beta ou t",d = sinal*sqrt(F*(1/n1 + 1/n2)),Var(d) = (n1+n2)/(n1*n2) + d^2/(2*(n1+n2)),J com gl = n1+n2-2,F com 1 gl no numerador comparando dois grupos (F = t^2); sinal de outra coluna,0,"Borenstein et al. 2009, cap. 7; Lipsey & Wilson 2001",sem fonte de sinal a linha não é calculada
beta_sd,beta_sd,beta; sdy (ou sd2); se (ou ci_lo/ci_hi) ou n1/n2,d = beta/sdy,Var(d) = (se/sdy)^2; sem se: Var(d) por n (aproximado = 1),"J com gl = df ou n1+n2-2; sem gl, J = 1 (valor é d)",beta de indicador binário de tratamento; sdy = DP de Y no controle (ou pré-tratamento),0,"Cochrane Handbook v6.5, 6.5.1 e 10.6; Borenstein et al. 2009, cap. 7",estimando ITT/LATE/RDD_local/ATT não é comparável a ATE; analisar separado
or_logit,or,or_; ci_lo e ci_hi (escala OR) ou se de ln(OR),d = ln(OR)*sqrt(3)/pi,Var(d) = Var(ln OR)*3/pi^2; Var(ln OR) = ((ln ci_hi - ln ci_lo)/(2*1.96))^2,J com gl = N-2 quando N é conhecido; senão J = 1,desfecho binário de variável latente com distribuição logística,0,"Borenstein et al. 2009, eq. 7.1-7.2; Chinn 2000; esc::convert_or2d",se precisa estar na escala log
r_d,r,r ponto-bisserial; n1; n2,d = r / sqrt((1 - r^2) * p1 * (1 - p1)); p1 = n1/(n1+n2),Var(d) = (n1+n2)/(n1*n2) + d^2/(2*(n1+n2)),J com gl = n1+n2-2,"X dicotômico (r ponto-bisserial); com p1 = 0,5 recai em 2r/sqrt(1-r^2)",0,"Wilson 2023, eq. 1.26 e 3.1; esc::esc_rpb","r entre variáveis contínuas: sintetizar em z de Fisher, V = 1/(n-3)"
r_d_n_total,r,r ponto-bisserial; n_total (sem n1/n2),"d = 2r/sqrt(1 - r^2) (p1 = 0,5)",Var(d) com n1 = n2 = N/2: 4/N + d^2/(2N),J com gl = N-2,grupos de tamanho igual (proporção do grupo tratado não informada),1,"Borenstein et al. 2009, eq. 7.5; esc::esc_rpb com totaln",rota fora da conversão exata (que exige n1 e n2): sensibilidade sem aproximados
parcial_r_d,parcial_r,"t (ou r); n_total (ou n1 + n2); m_preditores (coluna extra: preditores com o focal, sem intercepto)",r_p = t/sqrt(t^2 + n - m - 1) se r ausente; d = 2r/sqrt(1-r^2),Var(r_p) = (1-r_p^2)^2/(n-m); Var(d) = 4*Var(r_p)/(1-r_p^2)^3,J com gl = n-m-1,correlação parcial depende do conjunto de covariáveis de cada modelo; d via r só como aproximação,1,Aloe & Becker 2012; Aloe & Thompson 2013,não equivale a d bivariado; sensibilidade sem aproximados; df informado diferente de n-m-1 gera aviso
parcial_r_d_gl,parcial_r,r (ou t e df residual); df ou n_total (sem m_preditores),r_p = t/sqrt(t^2 + df) se r ausente; d = 2r/sqrt(1-r^2),"Var(r_p) = (1-r_p^2)^2/df (sem df: n-1, equivale a m = 1); Var(d) = 4*Var(r_p)/(1-r_p^2)^3",J com gl = df ou n-2,gl residual informado faz o papel de n - m - 1; correlação parcial depende das covariáveis,1,"Aloe & Becker 2012; Borenstein et al. 2009, cap. 7",rota fora da conversão com n - m - 1 e n - m: informe m_preditores; a variância com gl fica um pouco maior
p_n_t,p_n,"p bilateral; n1; n2 (ou n_total); sinal de t, beta ou m1-m2","t = sinal*qt(1 - p/2, n1+n2-2); d = t*sqrt(1/n1 + 1/n2)",Var(d) = (n1+n2)/(n1*n2) + d^2/(2*(n1+n2)),J com gl = n1+n2-2,"p exato de teste t de dois grupos; p arredondado ou 'p < 0,05' distorce",1,"Borenstein et al. 2009, cap. 7; Cochrane Handbook v6.5, 6.5.2.3",p = 0 ou desigualdades não são convertidos
g_informado,g,g (coluna g ou beta); se ou ci_lo/ci_hi ou n1/n2,g informado pelo estudo,Var(g) = se^2; sem se: J^2*Var(d) por n,já corrigido,g calculado pelo estudo com grupo 1 = tratamento,0,"Borenstein et al. 2009, cap. 4",conferir se o estudo reporta g ou d
d_informado,d,d (coluna d ou beta); se ou ci_lo/ci_hi ou n1/n2,d informado pelo estudo,Var(d) = se^2; sem se: por n,g = J*d; Var(g) = J^2*Var(d),d de Cohen com DP combinado,0,"Borenstein et al. 2009, cap. 4",d de Glass (DP do controle) não é o mesmo que d com DP combinado
mann_whitney_z,mann_whitney,z (coluna t; positivo = grupo 1 maior) ou p bilateral com sinal de m1-m2; n1; n2 (ou n_total),z = sinal*qnorm(1 - p/2) se z ausente; r = z/sqrt(N); d = r / sqrt((1 - r^2) * p1 * (1 - p1)); p1 = n1/N,Var(d) = (n1+n2)/(n1*n2) + d^2/(2*(n1+n2)),J com gl = n1+n2-2,aproximação normal do teste de postos; r de postos tratado como ponto-bisserial; nunca via distribuição t,1,"Fiel Peres 2026, eq. 2; Wilson 2023, eq. 1.26",conferir lateralidade do p e sentido do z (o sinal impresso depende da ordem dos grupos); rota antiga d = z*sqrt(1/n1+1/n2) abandonada por coincidir só com r pequeno
mediana_iqr_wan,mediana_iqr,"m1/m2 = medianas; q1_1, q3_1, q1_2, q3_2 (colunas extras); n1; n2",média ~ (q1 + mediana + q3)/3; DP ~ (q3 - q1)/eta(n); eta(n) = 2*qnorm((0.75n - 0.125)/(n + 0.25)); depois md_sd,como md_sd,J com gl = n1+n2-2,distribuição aproximadamente normal em cada grupo (cenário S3 de Wan et al.),1,"Wan et al. 2014, eq. 15-16 (p. 6); Cochrane Handbook v6.5, 6.5.2.5","medianas costumam ser relatadas justamente por assimetria; mediana fora de [q1, q3] não é calculada"
mediana_iqr_aprox,mediana_iqr,m1/m2 = medianas; sd1/sd2 = IQR; n1; n2 (sem quartis),"média ~ mediana; DP ~ IQR/1,35; depois md_sd",como md_sd,J com gl = n1+n2-2,"distribuição simétrica e aproximadamente normal; n grande (1,35 = limite de eta(n))",1,"Cochrane Handbook v6.5, 6.5.2.5",não é a fórmula de Wan et al.: sem q1/q3 a média não é corrigida pela assimetria
de_cluster,"(modificador, sufixo +de_cluster)",cluster = tamanho médio do cluster; icc,yi inalterado,"Var(g) * (1 + (m - 1)*ICC), só quando a variância veio de n",aplicado depois de J,análise original ignorou o agrupamento; EP informado presumido já ajustado,0,"Cochrane Handbook v6.5, 23.1.4",sem ICC a variância fica subestimada (aviso)
dif_prop_contagens,dif_prop,"p1 e p0 (colunas extras: proporções observadas no tratamento e no controle, 0-1); n1; n2",ln(OR) = logit(p1) - logit(p0); d = ln(OR)*sqrt(3)/pi,Var(ln OR) = 1/(n1*p1) + 1/(n1*(1-p1)) + 1/(n2*p0) + 1/(n2*(1-p0)); Var(d) = Var(ln OR)*3/pi^2,J com gl = n1+n2-2,desfecho binário de variável latente logística; proporções brutas de dois grupos (tabela 2x2); desenho que não é LPM/DiD/RDD,0,"Chinn 2000 (Stat Med 19:3127-31); Borenstein et al. 2009, cap. 5 e eq. 7.1-7.2; metafor::escalc('OR')","p0 e p1 em proporção (0-1), nunca percentual; cluster: variância por n recebe o efeito de desenho"
dif_prop_lpm,dif_prop,p0 (controle); efeito_pp (pontos percentuais) ou p1; se_pp (EP do efeito em pp) ou IC95 do efeito em pp em ci_lo/ci_hi ou n1/n2,p1 = p0 + efeito_pp/100 (se p1 ausente); ln(OR) = logit(p1) - logit(p0); d = ln(OR)*sqrt(3)/pi,"com se_pp: Var(ln OR) = (se_pp/100)^2 / (p1*(1-p1))^2 (método delta, p0 fixo); sem se_pp: pelas contagens; Var(d) = Var(ln OR)*3/pi^2",J com gl = n1+n2-2 quando n1 e n2 existem; senão J = 1,"efeito de modelo de probabilidade linear, DiD ou RDD sobre desfecho binário; p0 = proporção do controle (ou da linha de base) no mesmo período; log OR de efeito ajustado tratado como o de uma tabela 2x2",1,"Chinn 2000; Borenstein et al. 2009, eq. 7.1-7.2; método delta com p0 fixo",efeito_pp e se_pp em pontos percentuais; RDD e LATE são efeitos locais: analisar separado ou em sensibilidade; sensibilidade sem aproximados
rr_logit,rr,or_ = razão de riscos; ci_lo e ci_hi (escala RR) ou se de ln(RR); p0 (coluna extra),OR = RR*(1-p0)/(1-RR*p0); d = ln(OR)*sqrt(3)/pi,"EP(ln OR) = EP(ln RR)/(1 - RR*p0) (método delta, p0 fixo); Var(d) = EP(ln OR)^2*3/pi^2",J com gl = N-2 quando N é conhecido; senão J = 1,p0 = risco no controle; RR*p0 < 1; variável latente logística,1,Zhang & Yu 1998 (JAMA 280:1690-1); Chinn 2000,sem p0 a linha não é calculada; RR ajustado por covariáveis com p0 bruto é aproximação
