# Paráfrase curta em português do checklist PRESS 2015 (McGowan J, Sampson M, Salzwedel DM, Cogo E, Foerster V, Lefebvre C. PRESS Peer Review of Electronic Search Strategies: 2015 Guideline Statement. Journal of Clinical Epidemiology 2016;75:40-46). Consulte o original para o texto integral. Itens de vocabulário controlado (3.x) valem só para bases que o têm; nas demais, marcar "não se aplica". Primeira linha = atribuição; o cabeçalho CSV está na linha 2.
item,secao,topico,descricao
1.1,Tradução da pergunta,Correspondência com a pergunta,"A estratégia corresponde à pergunta e ao framework (PICOC, PCC etc.) do protocolo?"
1.2,Tradução da pergunta,Conceitos claros,"Os conceitos de busca estão claros e separados em blocos?"
1.3,Tradução da pergunta,Número de elementos,"Há elementos do framework demais ou de menos na estratégia (cada bloco a mais pode derrubar estudos)?"
1.4,Tradução da pergunta,Amplitude dos conceitos,"Algum conceito está estreito ou amplo demais?"
1.5,Tradução da pergunta,Volume recuperado,"A busca traz registros demais ou de menos? Mostrar o número de resultados por linha ou bloco."
1.6,Tradução da pergunta,Estratégias incomuns,"Estratégias pouco convencionais ou complexas estão explicadas?"
2.1,Operadores booleanos e de proximidade,Uso correto,"Os operadores booleanos e de proximidade estão usados corretamente para a sintaxe desta base?"
2.2,Operadores booleanos e de proximidade,Parênteses,"O aninhamento com parênteses é adequado e produz a precedência pretendida?"
2.3,Operadores booleanos e de proximidade,NOT,"Se há NOT, ele pode excluir registros relevantes sem querer?"
2.4,Operadores booleanos e de proximidade,Proximidade no lugar de AND,"A precisão melhoraria com proximidade ou frase em vez de AND?"
2.5,Operadores booleanos e de proximidade,Distância da proximidade,"A distância dos operadores de proximidade é adequada (larga demais traz ruído; curta demais perde variantes)?"
3.1,Vocabulário controlado,Relevância,"Os descritores (cabeçalhos de assunto) usados são relevantes?"
3.2,Vocabulário controlado,Descritores ausentes,"Falta algum descritor relevante, inclusive termos de indexação antigos?"
3.3,Vocabulário controlado,Amplitude,"Algum descritor é amplo ou estreito demais?"
3.4,Vocabulário controlado,Explosão,"Os descritores são explodidos quando necessário, e só quando necessário?"
3.5,Vocabulário controlado,Descritores principais,"Se descritores foram restritos ao foco principal, há justificativa?"
3.6,Vocabulário controlado,Subcabeçalhos ausentes,"Faltam subcabeçalhos úteis?"
3.7,Vocabulário controlado,Subcabeçalhos vinculados,"Os subcabeçalhos estão presos a descritores quando subcabeçalhos livres seriam melhores?"
3.8,Vocabulário controlado,Subcabeçalhos livres,"Os subcabeçalhos livres são relevantes e bem usados?"
3.9,Vocabulário controlado,Descritor e texto livre,"Cada conceito é buscado tanto por descritor quanto por texto livre?"
4.1,Busca por texto livre,Variantes de grafia,"A busca inclui variantes de grafia (inclusive entre idiomas e com e sem acento)?"
4.2,Busca por texto livre,Sinônimos e antônimos,"A busca inclui sinônimos e antônimos relevantes?"
4.3,Busca por texto livre,Truncamento,"O truncamento é usado onde precisa, com radical nem curto nem longo demais, e só onde a base o aceita?"
4.4,Busca por texto livre,Siglas,"Siglas e abreviações são usadas de forma adequada, sem capturar material de outra área, e acompanhadas dos termos por extenso?"
4.5,Busca por texto livre,Especificidade das palavras,"As palavras-chave são específicas o bastante? Há termos demais ou de menos? Há palavras vazias?"
4.6,Busca por texto livre,Campos,"Os campos buscados (título, resumo, palavras-chave, texto completo) são adequados para a pergunta e para esta base?"
4.7,Busca por texto livre,Strings longas,"Alguma string longa deveria ser dividida em linhas ou consultas menores (limites de tamanho da interface)?"
5.1,"Ortografia, sintaxe e linhas",Erros de digitação,"Há erros de ortografia nos termos?"
5.2,"Ortografia, sintaxe e linhas",Sintaxe da base,"Há erros de sintaxe, como símbolo de truncamento de outra interface ou aspas curvas?"
5.3,"Ortografia, sintaxe e linhas",Combinação de linhas,"Há combinações de linhas erradas ou linhas órfãs que não entram na combinação final?"
6.1,Limites e filtros,Adequação à pergunta,"Os limites e filtros usados são adequados e pertinentes à pergunta e ao protocolo?"
6.2,Limites e filtros,Adequação à base,"Os limites e filtros usados são adequados e pertinentes para esta base?"
6.3,Limites e filtros,Ausentes ou excessivos,"Falta algum limite ou filtro útil? Algum é amplo ou estreito demais e deveria sair ou entrar?"
6.4,Limites e filtros,Fontes dos filtros,"Os filtros de busca publicados usados estão citados?"
